City,Country,Weather,Visibility,Pressure,Humidity
City,Country,Weather,Visibility,Pressure,Humidity
City,Country,Weather,Visibility,Pressure,Humidity
City,Country,Weather,Visibility,Pressure,Humidity
City,Country,Weather,Visibility,Pressure,Humidity
City,Country,Weather,Visibility,Pressure,Humidity
borlänge,sweden,33 °F,10,29.46,87
borlänge,sweden,33 °F,10,29.46,87
borlänge,sweden,33 °F,10,29.46,87
borlänge,sweden,33 °F,10,29.46,87
City,Country,Weather,Visibility,Pressure,Humidity
borlänge,sweden,33 °F,10,29.46,87
City,Country,Weather,Visibility,Pressure,Humidity
borlänge,sweden,33 °F,10,29.46,87
City,Country,Weather,Visibility,Pressure,Humidity
borlänge,sweden,33 °F,10,29.46,87
City,Country,Weather,Visibility,Pressure,Humidity
lund,sweden,4 °C,N/A,1014 mbar,81%
City,Country,Weather,Visibility,Pressure,Humidity
lund,sweden,4 °C,N/A,1014 mbar,81%
City,Country,Weather,Visibility,Pressure,Humidity
borlänge,sweden,33 °F,10,29.47,87
City,Country,Weather,Visibility,Pressure,Humidity
uppsala,sweden,1 °C,N/A,997 mbar,93%
